{"cameraMode":{"drawMode":0,"name":"Shaded","section":"Shading Mode"},"sceneLighting":false,"audioPlay":false,"sceneViewState":{"m_AlwaysRefresh":false,"showFog":true,"showSkybox":true,"showFlares":true,"showImageEffects":true,"showParticleSystems":true,"showVisualEffectGraphs":true,"m_FxEnabled":true},"in2DMode":false,"pivot":{"x":8.181979179382325,"y":-20.930810928344728,"z":-25.872209548950197},"rotation":{"x":0.029671702533960344,"y":0.9641578197479248,"z":-0.12394058704376221,"w":0.23276309669017793},"size":14.498411178588868,"orthographic":false}