{"cameraMode":{"drawMode":0,"name":"Shaded","section":"Shading Mode"},"sceneLighting":true,"audioPlay":false,"sceneViewState":{"m_AlwaysRefresh":false,"showFog":true,"showSkybox":true,"showFlares":true,"showImageEffects":true,"showParticleSystems":true,"showVisualEffectGraphs":true,"m_FxEnabled":true},"in2DMode":false,"pivot":{"x":1604.7796630859375,"y":757.9666748046875,"z":-1126.036865234375},"rotation":{"x":0.0643032044172287,"y":-0.12084481120109558,"z":0.0075689395889639858,"w":0.9905838370323181},"size":62.89826202392578,"orthographic":false}