{"cameraMode":{"drawMode":0,"name":"Shaded","section":"Shading Mode"},"sceneLighting":true,"audioPlay":false,"sceneViewState":{"m_AlwaysRefresh":false,"showFog":true,"showSkybox":true,"showFlares":true,"showImageEffects":true,"showParticleSystems":true,"showVisualEffectGraphs":true,"m_FxEnabled":true},"in2DMode":false,"pivot":{"x":523.1058959960938,"y":277.1058044433594,"z":1.157484531402588},"rotation":{"x":0.20727942883968354,"y":-0.01168071199208498,"z":0.002194355707615614,"w":0.9782811403274536},"size":352.0861511230469,"orthographic":false}