{"cameraMode":{"drawMode":0,"name":"Shaded","section":"Shading Mode"},"sceneLighting":false,"audioPlay":false,"sceneViewState":{"m_AlwaysRefresh":false,"showFog":true,"showSkybox":true,"showFlares":true,"showImageEffects":true,"showParticleSystems":true,"showVisualEffectGraphs":true,"m_FxEnabled":true},"in2DMode":false,"pivot":{"x":588.2023315429688,"y":-91.43826293945313,"z":1106.614990234375},"rotation":{"x":-0.13628940284252168,"y":0.03435312584042549,"z":-0.004488593433052301,"w":-0.9900659322738648},"size":1031.1732177734375,"orthographic":false}